"HolderAddress","Balance","PendingBalanceUpdate"
"0x001df7200f7e462e446b64f87ad6c8a09e044110","775.07","No"
"0x011e3248c11fbcc4caa2cb10c99cbb57fbee969d","24","No"
"0x0167940dd408bd12b8c319e979109d0f1c07e1d2","5849.5936","No"
"0x0180a2b2f5678b36b7407c98745a8d7b57a846de","9.3901123","No"
"0x01cdc2ea5592c7b1f10543a4804980a25d05c37c","0.6","No"
"0x024eef535812dcafc4b99b80f148d48e30195213","150.56","No"
"0x0261db5aff8e5ec99fbc8fbba5d4b9f8ecd44ec7","248.278632","No"
"0x02e43d6e6c29db092427b8f097c3743b6be1151d","1.5077","No"
"0x03000a0ecb1898040c26cd418570cd480775f0da","10","No"
"0x0328bbb426a5fc5f05daca511c1915ab32be466b","0.9734","No"
"0x03bdf69b1322d623836afbd27679a1c0afa067e9","8E-07","No"
"0x04354b83b6826392e09e511a23c0348ea4b722cb","2.18747","No"
"0x045581666c2f2e3afc3a481858a506457248936d","3465.23878","No"
"0x04cfff344b7f33f98d3981f9f3f4afc60e666982","98.1751636","No"
"0x059d8ea643568eaf60f32cedb9a48e05aa82209b","35","No"
"0x05c2974d048d90ec5bfa124b6369396727b900fd","10","No"
"0x05cdebc2cdae91090d61884ada537072e1eca5e8","18","No"
"0x0681d8db095565fe8a346fa0277bffde9c0edbbf","316207.67454516","No"
"0x081aa827579eb2ea9fd28fa556b25dbeef12d60f","4.675","No"
"0x0853d8f6d7ba052edfdc467e781b4363535c4ddf","8.48768485","No"
"0x089615aeec6bbc604c87e4f8ab03693fafcec95e","199.4893","No"
"0x08fbc702ffc3b3a45b911127620c70662ae548b5","39.51","No"
"0x0933f554312c7bcb86df896c46a44ac2381383d1","2449.52495","No"
"0x09b2bacebe94671bd9bdd982242e89b6fd10e99c","5","No"
"0x0a2a34cdfbade6634d902d0d0a8dc7533d26f7e3","438","No"
"0x0b1ba5295130d3b2f8b6cc92a1d2fb0f2aa0ede4","250","No"
"0x0b9c4429d1596b1c26f3f0125a4802ace5dae570","3385","No"
"0x0c2a7abdcfab03e5d9821414c45c18560b6bea12","5","No"
"0x0c66335212377bfb47e0602f23cb8931be773be7","91.02144","No"
"0x0d10d324967843bcb6548c0f469b0c71646c4674","90895.675","No"
"0x0e293a9e57d22f6ec575b376e3e3bd8e642fd5fc","6.157176","No"
"0x0e3f0bb9516f01f2c34c25e0957518b8ac9414c5","1","No"
"0x0ea9239001e8ebe447d9dec97b3433e5efcec5a8","208.82031","No"
"0x0ec0bbf4dffa9ebc100bd2c931784302210cf7de","4.9","No"
"0x0efc9b0ac1ba373e68ffd0ca385819ee27e92fcc","44.3","No"
"0x0f9d32c3268c88d87639f28da45d4a3ed25ee2ea","61.78","No"
"0x0fbef6666852a3eef2dc287dad71565954ca9f1b","98.08333333","No"
"0x0fd2b3fd4e4b6868aa58b44f6c0c69cdd87a1285","4.5","No"
"0x1015c3755b3c45cc60c4321342c177723178a331","100","No"
"0x1032183a59cdd9964d3c4a4f2d9fb64698d9adf9","22.5","No"
"0x1062a747393198f70f71ec65a582423dba7e5ab3","34254.22665433","No"
"0x113ee5a01de1da2339e373051faa85da517430d1","0.49315733","No"
"0x115ebf0e4f44618f90c245599f005935f8db7ff5","640.44","No"
"0x11747ac36fadac5926f78a482115b08af104c0d1","62.932524","No"
"0x1206f15451b6776992fce9042931bb1b0c0a40fd","1","No"
"0x121667b6690f5040c672c3df912a5aaf8735ca23","0.07","No"
"0x12402e8cb73ca320576590af5947295d60e36844","9","No"
"0x130658bdcf42484da9473eac2f823072f02f3867","130.96134","No"
"0x13f3eaf4b6ca228b9527d22e8c3f0bc4937a6595","96.7","No"
"0x143a70e7307984b90920bf8878d8fe37f04f31f6","66.194","No"
"0x14b802407e24feffc77b75eaa45c1213e5c0e0d9","601.3","No"
"0x152cdb6b756c39be1b5a426a6d329b4110a430c2","23.69","No"
"0x16397f8d3c7ccd864d6f7af62a3b9e8faef57fa7","70.68","No"
"0x17c8e2040d326c3a833fca47e36d875007682513","1128.85127","No"
"0x18332922c17e48cc9e439006e672d223dc774dd8","30","No"
"0x1867ad264094a6e070fa3c252d6e0a8563e90e6b","99.7","No"
"0x187e3534f461d7c59a7d6899a983a5305b48f93f","1454571.01182683","No"
"0x190172aca67c42993a2e4179d1e97a1d7f651669","9.1","No"
"0x192f7bc11931bab519d152aba403d3121edf6b06","100","No"
"0x197552f8a0b1036d54b42c0b2e9201f9a040a62f","183","No"
"0x19dd472e5308d0b352094937608b0ae4c42b9224","285.3389096","No"
"0x19df4678cb4c002c5a7efc106a378d0b117e6bfd","87.4","No"
"0x1a3fac7ee2a6a45f05809fab230240ff24a69402","25.9818","No"
"0x1ab78d895b3acbb3d0de656f61cacd07f63977f3","0.5499","No"
"0x1abdf65231d82986fa8a0e8dd8f42bf212847dff","37.9004","No"
"0x1bc6744faa9cbfa848c463adbda51432084c0cc4","9","No"
"0x1bcc9ba070a5e05a721a61206ee4b41d99dc3f19","44.72423","No"
"0x1c1b31aba69ba928ad8d82c746f639fb73687d50","50","No"
"0x1c1c41350ca4990c785b22c6cf8c641457d6e2b3","50.5","No"
"0x1c31fc3a0fdc8a8616f7e6ca489daf9eae68deb6","50","No"
"0x1cc9380c0027b3a1dc603ee369f3fa23464e2d0c","1.5","No"
"0x1cc9f4ec305d8cab888a43f2bb346fabf54ba137","8.6","No"
"0x1d3d03c37c65d92e146a90a544403960d0fb4549","169.44","No"
"0x1e695f0055c9c62b9ba43776b5f3fcb2744046a4","3007.259404","No"
"0x1ef3d190100fd28518e1db94638096e1746f4006","59.2334972","No"
"0x1f44b1c34a7b3c4a9e41826b528970b90226acf7","732.09541","No"
"0x2007baf6bc8486541eb55236b786b9a6d8166c2a","2","No"
"0x20266f0d553ddcabeb2fbab9370f681913fcd2ad","20","No"
"0x20673a82ce09a74f4f488f76d691148f2122c0fd","6","No"
"0x20690f523e82ba577bd8912ed9fab2589dfee732","65.608","No"
"0x21c30d17d9e61ce139dfd2a3d167c5752246b938","0.0011505","No"
"0x22eaaf640f93035f00326e3f7336722d23da4ecf","500","No"
"0x22ff730ca420cca2e72443ffe9ef237d71964f5a","26.376","No"
"0x23c6dd6afe09895839a62f00c35cae4eee6b8382","0.998","No"
"0x2417f7f3cf067634212c21802bdba203d45bf9b1","60.54911","No"
"0x247baa14f32c2ef4d54c53ab87599bc6481231eb","250110","No"
"0x24809db0a8190e09a0f75ec8c35937164a87b8c3","0.9909","No"
"0x250b99dcbdef1ce9fc66c13eef4272076f480791","1222.9955","No"
"0x254965b5b4bca141b38cb613392ec86f19f8abcc","96.732","No"
"0x26127b04b5be1674cb14a12441d9791fdb0b49b9","9","No"
"0x2731d63bd9dcc8954a00ce371ee684f3a8073167","307.29105","No"
"0x27da0db882d3a6528f94bdd22db22c060c9e7d2f","72.03784","No"
"0x292febe549bab67ea507c436d3b48dad65bbf527","28","No"
"0x296c86ca6d9ef0da35ac5baf720d0f0a43b6d070","34","No"
"0x2992e5f9826761fdcff6fe706519b5bd22ef4360","7.28","No"
"0x29c95c3bb33b9a006a59bb9cbc4e7a919c4c52a0","18","No"
"0x2a0b4bdb2492ec4d8ea0015a6784acc98216c5d2","7350.00937","No"
"0x2a82d937a12d28e75cdb45da9a2b1357d34d715a","0.3","No"
"0x2a910e6344baccb56d53e51ea80649224bb7dba1","19.1474502","No"
"0x2b2c1d82699ffca9f9ce4a2056451e984866afa7","14.0088802","No"
"0x2b86d0a954c27ea5df3868c66f4d24b6cfb0f302","10.639","No"
"0x2b8ea297d3f90e7b9a9211867a4e34cef9f139ad","94","No"
"0x2ba2ed29b04e4c7422a0a45487193ffb90e87c7b","124.064281","No"
"0x2bdcb884fe962a1a4fd3441e4e41d368049b92ab","54","No"
"0x2d31842b18e5d329cc4b4eba7e7e15b67cd6556a","10652.21","No"
"0x2e5536ddc8b27028bb8d4f0777f701377b187d54","7.06261","No"
"0x2e5afebd15687afc61712706bde2c42bebf3993a","50","No"
"0x2ebfb7f355cfa10d105536f8427debe9b19ea981","3","No"
"0x2fa9a6b9cb63971fcd1f9f1464bdde0b87b17763","101.45051","No"
"0x2faf487a4414fe77e2327f0bf4ae2a264a776ad2","1921006.16666926","No"
"0x2fbc3ef1906d098cbb34fca099095f9788570327","67.99999997","No"
"0x2fcda1d3eaf62d8fad37676e90a016c5a2729ea6","5","No"
"0x2ff8867658a598017a8af884bfdfe65564d67c34","42.22","No"
"0x302f79ca0c14bf6c910c3e472daf510ee5966fb8","66.98166339","No"
"0x324cf7c61df001e105376a9304aafe7e3b761687","599.72","No"
"0x327b3e195b8f090f979b6f74db5d512ab96cdc50","726.69816","No"
"0x329dda7323e21018e05ac6ed7b6bf481d48e7505","172","No"
"0x32e04f41a2c3bcf31d951e99f65cca3b4460cdd7","118676","No"
"0x341aa17b8d627daaa94e69688ca848e094a9f2f9","27","No"
"0x3464e651f03188a1de394bde00203e3b82352944","9","No"
"0x34a9c7934fd4b2a4e7398ad5dddd8ca21a327a1a","19.9","No"
"0x350424b9b887ce6ffd1e15f5752fcd70e3e7f375","30","No"
"0x353ace9ebdc2d96c3cbdc00daeb3366a65badb32","50","No"
"0x3593bd7b5a4376455378c7b13340745b70bce908","583","No"
"0x35ab0f00b15c3a4695483b6f64bdc00874579dbd","31.25","No"
"0x36fbc4f1e7b7b28a3a686d4a1e6c514fed7cb31d","116.492","No"
"0x371ce4ee07dfda3580af520cbcaa29b4d35ec78c","21","No"
"0x3795ca86307862ff3a6256e8a3b2e7ebed774287","73.2","No"
"0x393ee8aff6a4c23ed9b4cc4d4cb4ae5dc3c0b6dd","94","No"
"0x39b6795c3e077be017530f2dd4db9dc270dd5476","6.143","No"
"0x39d4ba673414599a546e08d310d910b9bf62c7e7","42094.2681","No"
"0x3a25e052bcda6249530390f2c6657adf18e2f432","16.61453","No"
"0x3a5e5946e484b4f0ea220e3c0a0dfc8932346409","73.89012116","No"
"0x3a94438a8b52dc8490a1d53b88f2df5f80711dbb","355.45371","No"
"0x3a954f3b762741f050c8320faf3f22183bcc0464","15","No"
"0x3b15953d59791b86c709a03819030a4faf601cb5","21.8","No"
"0x3b5b5bd95867fbbc6fee07edd1d4affe3b0425a4","249.965","No"
"0x3ce8ce4a5ee7d6ef768df4ad35bf245e0d0314db","367.81742","No"
"0x3d0cf222e4d59ffe531817059dd966f2688e48c2","117.00784","No"
"0x3dddde9c7755a923f9261976bcb7b2499ac67b42","0.767904","No"
"0x3e33292b58036858b3f39345591077033c1d765c","0.34375","No"
"0x3f0ed8b34a98ddd07eecfe176d77fbea119d09a0","103.406","No"
"0x3f42220ec7a2dbc7d32baf6480fc5af9e814e0c9","19.24","No"
"0x3f4f06362bd406174a9af180985583713324e533","312500","No"
"0x3f5ce5fbfe3e9af3971dd833d26ba9b5c936f0be","1285041.67820885","No"
"0x3fccb32e9f9b0c149c399ca023ee965d2b6d7555","87.9517652","No"
"0x3fef03ce5bec26d8b778621b6445b2a938bd96bb","4.51","No"
"0x4010d0013e22a750e77643067bc6f9ea0bf6a2fe","200100","No"
"0x407e399c3dcd157d31b17acba49c1ca3fc9bfffe","52.443","No"
"0x4149f044998bac5407ff1a194dc568af905bc480","1070.588","No"
"0x41b74be959bf78b2b6b03987a78500eb88e3e0e2","311.81","No"
"0x41e38c0486f60d1bce61d59e0654e17b36b1b15d","1589","No"
"0x41f4f1660e48a7aa1080353e8e9364599b799625","471.59919802","No"
"0x41fa412a1d1e7ce78b347b22ff1a062c60186499","0.43","No"
"0x4261d85ff2ae456b876e261cfacfb785794519b3","1715.29441","No"
"0x42dfb9124de5acd99187a6ca6f0f11908a83a167","0.22982","No"
"0x42ec4bfe064f1b692a66df21e817ec93c60f9acc","40","No"
"0x4322aa46ffed67809862da613725728e2fb8eae3","49.5888","No"
"0x4411a2f3ff7d7c0a61bff9ff1b38adfbb4ce350c","105","No"
"0x444f1d9576877593f4845b82f9d4bc7d48f30b27","26","No"
"0x4474654570a07b39d5854add94dcb7614e906eb9","32.18038","No"
"0x4515867a38c5090c2ddc383fdb9cc38e9493acac","9.61","No"
"0x4539faeba97bcfb1b5b249e68acebdd6c8d702a0","99","No"
"0x454fe3e61662b041007d5ee82b4dd7be5f714f51","29.65586019","No"
"0x4569cc9812a0956b0801ed9e16268af5a1a9b38a","69.8710408","No"
"0x46705dfff24256421a05d056c29e81bdc09723b8","1283857.74985393","No"
"0x467807ced95f78101f78bca4a97411e00d8e50b2","170100","No"
"0x467b9f363c388993e41f7d1d5ff03a045383a6de","0.993","No"
"0x46dd29ea5cc47dc802441f558a53f7928c30f749","100.47","No"
"0x4709498ef565f8e2ec08b9bdae9674d640ace747","8.7406222","No"
"0x4713f662ffbc8167015fff77905405274b1b3356","12.13","No"
"0x478a6e46407c2306c5c436d57fb44638b6dac25e","3647.00904","No"
"0x479435b72faf25af756b9bee0c50de56e25991c4","2082.2438046","No"
"0x480f1fa553c4ef5abdb3b6227f26ac934b408400","99.51","No"
"0x4813395e6a974cbd60899127eb5d3f194ba04275","25","No"
"0x48585e6756f0a81c736ab711c59d6b252ea9bf81","31.25","No"
"0x49349b5d4c4b6d0ac204380912c16a73b7a8763c","20.956943","No"
"0x497d247df2bc4293a6b45a044aa4a2174cafa773","1.67","No"
"0x49e4cccb70d1e4474e9e935fb663935809f301fe","0.4002","No"
"0x4a8d35203fb69ba33c35f61a868471b3d1f9552a","35.58113227","No"
"0x4aa86e85cc1f4387925ebb40e18876573e6caeec","10000000","No"
"0x4b1a99467a284cc690e3237bc69105956816f762","1846153.03185505","No"
"0x4b5d3b36430a43563728977e2938b608cddf7376","85","No"
"0x4c1be1be086b16b70799d0ba07522258824d94f8","400.524","No"
"0x4c25213d9b95bd9feb664a7b370217d36fa1003c","1.9672","No"
"0x4c50e91e34c80dfcbf7b388068fc65c3fea98824","266","No"
"0x4d001c32505399af7915b804b0cb4d268be45b06","738.18104","No"
"0x4d838a9bc4002db00edc2db6488f13723323e7ec","15","No"
"0x4d8e7f7df62a75570adcc26f5cdb3ea77e878dc8","91.907","No"
"0x4dec353aad4bf88583c1ea234958387641843b15","49.66","No"
"0x4ea265e4e7034f667e253052face07663f8c9cea","2045.6016","No"
"0x4eba44d43c5b84b5e1a9b739882bf2fc16447100","205","No"
"0x4f5083562dfbf3b461bd97a25333d3ba0e8f4fc5","3.506","No"
"0x5000d655faba32caad4f487494eac940c63a12f6","14296.2","No"
"0x506449918f63f77e41ac30ede4d462e7d244f815","80265.32365","No"
"0x51095942db7df355b9b2e73abf8a0775093aa691","20.434","No"
"0x5240d1d8760027c459e88fb1001b7f5a243fd35e","9","No"
"0x5362537a7f25b1eaf981e93a75b033ff611edacb","72","No"
"0x539d96f3ad9c4330fb120994db409aa7ea83a2b0","1","No"
"0x53bd75d244f0f02063538fc79298b3c16614ddeb","34.31742","No"
"0x53de8e90e24e8f6c4dee06939e4edfc8a073863a","609","No"
"0x5487bb53c0304b902f591c8c42a35e87e80ed013","2","No"
"0x55844338a7553855d5a6e374f028e4f4534d7d70","13.67","No"
"0x55b7969dce63163d92e8b88722c216ec46c041f3","5017772.24890658","No"
"0x564286362092d8e7936f0549571a803b203aaced","1019221.2214818","No"
"0x568675f8c200cc190ea67647be2dcbaeefbd95c1","2.51","No"
"0x571e31edf3e9977a42098b40449f4170cafd1d2b","3.168E-05","No"
"0x582cd79d81ea633dce8a44b2c05e49064dabdbc3","9.8","No"
"0x583da21ad0c1171ae4b6cf24d92c46f033a0a794","104","No"
"0x5864824446d298d983e779307b7db6b150568c77","3173.294082","No"
"0x58790f6682df33b673486372fbb4ac38234360de","1","No"
"0x58ed3b18dbf4736dec131976d9443bdca0495b37","500","No"
"0x59a5208b32e627891c389ebafc644145224006e8","956.497253","No"
"0x5a4b177ef8a5971f4639ce005b66a9e28e877783","9","No"
"0x5ad6374d0170ddd0b2fdf27ec83585273b2ce9a9","1E-18","No"
"0x5ae271c7734bead548a3f86faa3b3710b3c7d5d3","100100","No"
"0x5b9032e62f491912dc8074ec7c53ce963edd8eab","45","No"
"0x5bae9bd9724f1d3f9b813cca60f124e77042acda","300","No"
"0x5c57c4dda8173f80bb7e3a5457350b4220687073","39","No"
"0x5ccb0addc2a4d6ecc940813ec2eca4152e5f8238","22.711964","No"
"0x5ce57b1980fc8f9af33688d137c4f0ece37c9343","8.5","No"
"0x5cee343f0b3c0e6cbde751cc9075edce94bcbc2e","77.42203","No"
"0x5d28915413aeb7efed0c29aba45e2e8f85c7695b","34","No"
"0x5d7c72c4014ed4008cf574eff487ca24f345cf14","2505.758","No"
"0x5d8a48988a0682739c2d50f3e3ad05a79fe8a853","50","No"
"0x600aa1a95941ab4f64ea14bbcb65cf4961438e5c","25.7","No"
"0x600f63b252b4c34379e911fda1cbe0401302b266","57.4647","No"
"0x62d7f28bd3c38f7474a281466482d20d1efc570d","33.39491953","No"
"0x62da5ec140957404bf2fdaef81c588257e32a76e","97","No"
"0x64bd3bf2da80ed2c50ee03abe89b69b9caafe50b","55","No"
"0x64f71442630cf4bffd1b6ce4ee4b415660d9add2","1262","No"
"0x654b3decd681ffc3da41ea31c8189c97f5c621c6","10","No"
"0x6554a8bb9788703c2bcc3517487da79e4b6a85d0","0.9825","No"
"0x658809ef6d39fbd6854700e15d0f496afc3a98d4","82","No"
"0x66abbf0067cfcf0d2af044852a837a7b57280270","62.5","No"
"0x66fb1cd65b97fa40457b90b7d1ca6b92cb64b32b","49186.6111","No"
"0x6748f50f686bfbca6fe8ad62b22228b87f31ff2b","1318.85616724","No"
"0x67531ff5fd681fe03667027123022e811bb5a807","9.6856","No"
"0x6757db9b1b5b84f36c45606ecf18269f90bb41b3","0.5","No"
"0x68da2efacea919a81eb30e386ef4970c84e88347","9","No"
"0x69899ca74605e7c759541d3d5ef625491e21821b","19.8971","No"
"0x6a1054348d81813580f0448482fe6ba7e32b2078","43.18673854","No"
"0x6a2c6c285a6f43b239403e4134d30e5837579b09","46.09997","No"
"0x6b40651925029055a68071deb2ebac1e5dadd772","129.66","No"
"0x6b71dcaa3fb9a4901491b748074a314dad9e980b","473.28350607","No"
"0x6c43a57e89c3abbf54f8e2e9e6afe4e429f96459","12.1","No"
"0x6cda56c641cb097d748dc88514f2e1317e41fb95","20.33","No"
"0x6d16749cefb3892a101631279a8fe7369a281d0e","757.3851","No"
"0x6d811aa75412e78cac3eee2cadf41025a6693b64","30.68798","No"
"0x6dbe5db749f03d67a5bc157dd0f534e38003c3f5","4","No"
"0x6e92bba0e904879fd1daa0b70e79a89c5627923b","82.5688","No"
"0x6ec954abef8a91c1815d0b3007d5bee80ec44f5b","9","No"
"0x6fa9b92cac9ed4a1ca5b96ce2a7d7999b3698299","20","No"
"0x701fdfd259393c3b7a36f46d62d31e5a1d3ea350","27.126506","No"
"0x709fc81c5083ebbf86725a8f3a0509dfc4466c0d","0.238","No"
"0x70d5d9fe1d0a32b5c5c83f145f4f2701839b09c9","144.58","No"
"0x713ff57f09a9e6f7c6afd33d0329ff65cc599df1","9.66","No"
"0x71b78e1a230e3b913b1253f858879b4492d0b307","27.8","No"
"0x723d65de54e8ef283924e35f900651dbdf619c8f","247.86","No"
"0x726a68cefac3c9a1739ba0872d2218c1d177c618","290","No"
"0x72e5263ff33d2494692d7f94a758aa9f82062f73","1079.72","No"
"0x72e9144e2adb70c84d829f5e84bcf416d46b2284","0.00341728","No"
"0x730b4855bd6e45f997cd944bb1f6570e45e3f7f7","7350","No"
"0x742d35cc6634c0532925a3b844bc454e4438f44e","27827871.53289","No"
"0x74484217fb75388b524001a7620e04e6c53fe8b0","4560.81392","No"
"0x74c2aacb03617f5332ae98c9036de0bdfb27cbed","40.2","No"
"0x776d57173906efd30bcb34f5fd9599e8b015f776","165.271","No"
"0x7773fb60c4cb3c0896a5d42d1f026437bafefc3f","16.05346","No"
"0x77a75c487ec022f04ae510401ea7965f777cede9","633.04869","No"
"0x77d5587d0b2806f93058dee9ed7e39f0f5887890","1398.1145","No"
"0x77e15516f028b2855605c816deda0cb633897713","2001.948005","No"
"0x7869e608192e7af01013d7966e5782413d816da4","1262.13","No"
"0x7893c57ff09c6138528d7a4005df87b135521122","1.22905987","No"
"0x78e42efe6e6740347fa9468cb42f2f1bfd2cf785","10","No"
"0x78f53e0f4d3233f3b4b4e3e47031260072eb9311","4.168","No"
"0x796053be3e77926f3bfb5f3f0200b8e6e7d486d1","3","No"
"0x799958c8231de8d1ee6cd45c976611773b349154","2.7","No"
"0x79d7a1057c4993ee6abb96dd917b5fd50021c69f","5","No"
"0x7a5b6f12a70db56c43a56f2340c4b2738fde9e37","8352.67","No"
"0x7a85a46a8dfcfe7bd0aeffffea3d3633d1e61a7a","0.95","No"
"0x7ab9b3e3e0606cf82f936b100218157ead0947a2","849.64","No"
"0x7c3caebb0e700bd62dcd7d318890b53164fbbd08","6029.43919933","No"
"0x7c44c63e4e45262b7b29f4ca0dd6a6d2af0da44e","11.92974847","No"
"0x7c7e89dbc0caee7e95245f8f2f3d45cdaa3f104e","0.9973","No"
"0x7c944cc33a48dac052cd0eaf7231d608e7b2c641","36.7825","No"
"0x7d47874fb80e1c659b54289871f67e476373dd8c","39.9002865","No"
"0x7da4cc4a869c0240cf6e15848cdda5d2d5c4ebd5","395000","No"
"0x7e1844dd45bb5268c0c827c7fd81078c96e89aab","5811.296992","No"
"0x7eb15ff60f171380724655ca0572852802ae4688","10","No"
"0x7ff132f942dae35275bc5982832d97679b8f457b","54","No"
"0x7ff8ffa591391dec219f8a4120f78daf9f3fb85c","200000","No"
"0x8037b4fcfc58a4e3847e55b3f4b2fd5002293fb9","1001.32","No"
"0x803defd245659150cbc86873a0ae3c8b06d7c485","0.95","No"
"0x80f51bf1cc8667003af9fb60372f4355e950136d","13","No"
"0x81a58058df9dc84106781ed18def2837eeee308c","9","No"
"0x83259ce184540c101ba4d8b217eac0c96c729b03","24.70246","No"
"0x8405ffd337efed846b72295b6107936a7c055137","10","No"
"0x841538aca3838efcd55ff2539c09ec5b77182193","46.4","No"
"0x848edf0467d409564138cba83d69e03df8f19faa","75.946017","No"
"0x84c4b427c73fa3c8fc068df420e8910c7b1d851c","87.43185","No"
"0x84f24b4a7b2b06c0b0e6385123d47e268e59cffc","0.004","No"
"0x850202e6495692f2892dd36885ffb5e59e8d130d","2297.2","No"
"0x85a500f09b15e7b64ea5fc8387f40e30cf652b66","13.8458","No"
"0x86406e8ce2afb13b16d9b13cd1caf06fbe40d5b8","12607.20528","No"
"0x864263449fec140702d0b094d0b2c21f4126f7ea","0.6","No"
"0x86b47ea61ca81abc8d55faafd8d7ad09821f5646","300.27","No"
"0x87031ead8d664522e8508c3b69fa09cf1eb01add","93","No"
"0x87228319742b90eb2322ba0e04f4749b68e44589","108.527","No"
"0x876eabf441b2ee5b5b0554fd502a8e0600950cfa","15316.01258092","No"
"0x877a5b52139a5cc3335953f432c6003b002c340a","49.55636014","No"
"0x877ccfab431c430975bc0dfeef5af7c64912622b","2.3","No"
"0x878bce522c077c62cb1ad1e488c65c0a2e58fe9b","286","No"
"0x87f69866a836aaa1cdc35fd22aa8b2161dbf0f8d","50","No"
"0x881a9aaf8b246344210bd09e5b6767321ebfd1d8","0.047094","No"
"0x8839ebd49d2b9cc4b72ef6d34a4e8ef4047218a0","0.99","No"
"0x887593ee0d809b3cd0eecebd1f65a9683660a85b","588.4659","No"
"0x895cc4434c243cec61a1a685425397320dfeeafe","33","No"
"0x89a1a02d89ae22c82f6f2e57548fada5016b5a0a","375.279","No"
"0x89a7375cc4abb1b61e3a42fc6af48ae962a0e19d","20.9853","No"
"0x89cea0f896f88d4a1cc45ccfd864903c38d1789d","8.5","No"
"0x89e2bdcdf51d25ede51bd024153bc3fbe9ff0548","86.4475968","No"
"0x8a02d348ab05ddeaaa2a357e757d5d94e70384af","6.0643276","No"
"0x8a0c62b9f61449cfa0a5ffd8513df9df2bfc409c","867","No"
"0x8a1c9ff20cda04710bb262638b298152541e3d12","99.4044886","No"
"0x8a8a2ed1728216689e5c947d862a8d5e4bca4f86","99.955663","No"
"0x8ab89ab0993aabae60d98617c30326832713d49b","9.3981116","No"
"0x8b65f9ab5c311f50f81b41d4bdf3a113a2be31fb","8","No"
"0x8c11437e11a1ef48dcfb4d6d5d5af3095bcc9b5a","0.3707346","No"
"0x8d0c175db1d40c1e49fd4ef28c19d3051774e17c","5","No"
"0x8d8acc8908f1637bb2c43b8d6756d237eefc61ae","0.51","No"
"0x8dc6fdd03f727adedb161721f5eff279603a4916","9","No"
"0x8ebe893ba6a3b7a1cff3a090a4e0ad6a8587b18f","3","No"
"0x90b5bc52bbb6f33bc9183b9c8c0cefcd40a16c82","3","No"
"0x91f884a25e3c8d4fa5e6d1bff14c14da09494f24","19.9","No"
"0x92369d0de3003b40730d000543aeb98e975cf655","19","No"
"0x924cd9b60f4173dcdd5254ddd38c4f9cab68fe6b","25","No"
"0x9378da27e19e1cd30d0bcc1c90fcca3a683cfe28","61.45876","No"
"0x93a4b53f52627b2ee019d4a471e408981c45e0f0","51.71","No"
"0x93be51af76dc935779f774dad126f99ff9bf1988","605000","No"
"0x93d23e92bd25958dcc465985c371eb0eabd09a76","52.0966918","No"
"0x93dc54512aa7b228191833b2e3341530abba9868","20.021518","No"
"0x93dd6092090c61a39fa0be6bb35c317bcf727075","6652.62591768","No"
"0x9404dac19f32ee2c0c17c6dde640ee73c7b589b5","154.2","No"
"0x95616a3885f9f5357ab4092ee811ed0fce5e0318","73.950579","No"
"0x958f622f5ff7b472fd3eb7a3c6c92e3b2f2b0813","20","No"
"0x95e0c72bb9726d5e2ff8632ef800d195fbb568be","26","No"
"0x966f9c8f8f4d9e7517390c800782f9917e65811d","55.4","No"
"0x97137466bc8018531795217f0ecc4ba24dcba5c1","71928290.2477616","No"
"0x98000cb316d0dae21ce65e2a04a2ed01903e1478","3","No"
"0x986a2fca9eda0e06fbf7839b89bfc006ee2a23dd","181740.7016026","No"
"0x98d29f6b55b59cef1d6c4c9f9b065302989d23d1","0.05","No"
"0x99309cf73bf8770362e61873ae6edd5d432f19b3","433.69538","No"
"0x99d504151919cb71014e69bb86a6d0debc6b2320","9","No"
"0x99d9067244d363746f6b177f6bc8eb24e8dad8aa","50","No"
"0x99e4a1fc03f81b8d3d9039ce326720db31aa3373","8.5","No"
"0x9a1af4593defe3b5f0f6f432c28027f8242d42b0","36.48362269","No"
"0x9a32c5f1d20d5059111315de16a5884b12bd81dd","1.0082","No"
"0x9a445abbede1028967d5a3e0cc310ed9ab65a376","89.9623","No"
"0x9a92f02e88d62e8839aae770036fc33487440507","52","No"
"0x9acfdb07c5c8830d91df60ce134f606827bf74e6","323900","No"
"0x9b66137da669f2e6277832a3d2c91edfe963e64c","0.2","No"
"0x9c1a9ef283918dc086eb8ea9cfce12953bcb2b86","6232.33","No"
"0x9d14764bdeb50e7732f36dd7b74fa5421db4a1a7","1.8324","No"
"0x9d64c0cbaf8a1549d62cf04e2c02ea6246dab306","13.33","No"
"0x9db777aa4d2c06ca8dfce462c24e543f06c7edd6","0.17","No"
"0x9dc57560dc50ccfb7475b78b594b2444cfb7a1a5","29.66","No"
"0x9e03b0c90b40594ded1d8eff6f16c49a359eeea6","3641.85","No"
"0x9e4200aea741a1d0dfb0952a3d02a6829f704c7b","9.7982","No"
"0x9fc03a5b5c03c86a500c492a4dffd118b2b1bae4","63","No"
"0x9fd5f6ccb034bbac4c8add71427643f678c4e8bd","10000.88365995","No"
"0xa0769c822a677bb4a963a49c74350861e27db8ff","8.5","No"
"0xa079d7d26c9c42ee03f3d7b7c6746d9263c96ed1","61.5513","No"
"0xa082b0ce9ed0e0c444feaf7599cda1002195bca0","76.305181","No"
"0xa12431d0b9db640034b0cdfceef9cce161e62be4","3E-08","No"
"0xa152077f3702762a30fb2926377b569b453694fb","0.92474","No"
"0xa1e0cfa4f2e91a0a32e384568e583ce2f3b3cfc8","470.1921","No"
"0xa23cba89f6c2c2110d1b9b68971e84b608e1eab3","26.859","No"
"0xa2898c557d436bec21ce9ee8d23d1631da061be2","2","No"
"0xa2a1e3f5198606ed7ac23d30b883a20b9c133400","9","No"
"0xa2c29028a8fd45439f597ae3b7e9a53bfb9ad09b","50.7147","No"
"0xa2e2ceb0d5b2ebbb5fb8a948cfe1917cfe890721","18.69","No"
"0xa325b0aa26a1fc38a9e1ae6fb0d2b4817fdf7742","2196.84","No"
"0xa3e950bde7acccd4f83d0484dfcf0e752b268c00","82.03","No"
"0xa3f2bc882c7d000d599c124ebb216b19b9b5d69d","5","No"
"0xa49b4b285c1a679aac9b427547aa8357b5a2e826","650.26864","No"
"0xa50d7c035a2c4997a75186ad24c37fecfb19737d","761.4032061","No"
"0xa61009430b8977f852df192d496463371c99370e","9","No"
"0xa637c52234fcbe0f217b790b0b1426db1d08f3b1","0.49405","No"
"0xa66e979cecca1a90b217d2d0a4336242b14d25ad","81","No"
"0xa6a159ef8c40ba970c80cbc4a18b6ac5cac5b00f","5","No"
"0xa712503e840648c4fcaf569e6db9a1911b82224e","10.43491738","No"
"0xa7266c1a90b5a65ad2a976612ef08ce9a7df0a95","69.97","No"
"0xa7decf50bcf6d41e0d1dc29c68a5acb51f13ba53","9.52","No"
"0xa7fe955a4bee6d493d105a837d1024606240a627","8.5","No"
"0xa844b52a6efd4a7bbc5afe1ce2852dd7ec27f022","6224.09182","No"
"0xa99be7f403aabc9307778c0a650ff6f7a3455fd3","81","No"
"0xab5c66752a9e8167967685f1450532fb96d5d24f","35842.588875","No"
"0xab61ff30d322627e7c113f7b5b666a811f42e4ba","49.591543","No"
"0xab92ee2128a53a882d30160ca77b2d25772a19e2","5","No"
"0xaba7e21f3eff840bda71f9f077a9d5720489cf57","26.2763946","No"
"0xabaa5d760d7d866e68ddb8510c2b50d2524e9c3a","22.07","No"
"0xada1993d1a208800b340e5d639b6b5e7686a5d94","2.070596","No"
"0xae25680c1e0739cf4c097169259b69a3af6e564e","28","No"
"0xae3662cb1f3d01ea405553902088ed880c20e592","2E-15","No"
"0xaec3e6638c53cfdb8b23aa5f64cfd9bb5957b9b1","49","No"
"0xaf9811c73ddcecca45ded943cf5d671c79f4ca57","90.3","No"
"0xb028f98def5ca5fc8b6c746e51f6592db57a7371","49.19","No"
"0xb09e740330c992068dbb0d70503b23a6835a11a6","16.9619","No"
"0xb0bf3f16c10630684d824c1d5b7dd70f371e7d68","94.30034","No"
"0xb0efef41a35630541f5bcb6f9cf2c5d515e4852b","49.6","No"
"0xb1a37c151f5c8728825d87e64401ffe0f55f2443","50","No"
"0xb29bdaef8fe60f3226fdeef00b35ad273c7e1a7c","37","No"
"0xb33580ca0b517f2d28ed692864ed2cf7c4bd0b3f","6","No"
"0xb3d7d73cd02de9c605722dde2e0ee07ebc92cd8c","1075.004569","No"
"0xb4c54444fc878a37d83293e8fc47bcd95d3e1d7d","53.96","No"
"0xb4d59bfdfd46bc104f446ca5fac7713220e33b27","4","No"
"0xb52a18ad5b93404d614521a82fa009c8502cd6b0","32.10694","No"
"0xb59d5485258bde465ba5e5c374ec57455af2f35e","57.71","No"
"0xb60bef82b15964484f67b24b6b2498b65cd946cf","0.6","No"
"0xb60ceb72f56c08371090e9d13d5a22878ec4b161","6.136","No"
"0xb71cc1193c501b298e0c94339b8fb241a0e55a27","500","No"
"0xb721cd18385ad683bcc579c9eff8451dce756b54","53","No"
"0xb7820d1d2bd96f4784dad3eaf4aecd0be1271841","71","No"
"0xb7d2f5eb02466af360fcdd0b89b2aa0c4a570386","99.47","No"
"0xb9ee1e551f538a464e8f8c41e9904498505b49b0","53630.76322039","No"
"0xba9c8c2565be0a80690b94d44cea2905ce581bc4","30.609","No"
"0xbb1df48eec69898a80533624d47ad32d36543bca","11947.766","No"
"0xbb2879457867f5aa85f6e5a789905ed8c1a83403","0.65","No"
"0xbb879307511f899bedff5b7d0cdf67638f8e7b6a","1.47","No"
"0xbc22150576ed25e826005387a619238ffc414342","4.6","No"
"0xbd60e456b87bbc032ab6a593d612f1f4fd0e3b6f","15.2","No"
"0xbee52e4d7fe6b2cf9270d516b230a8657af51176","19.8325","No"
"0xbf3d39c03b8eb95ff447a2a4e9fe3d80365a9ecb","4","No"
"0xc012026fd3b02229e2f9e301d7d4a4a616553e33","4.5954","No"
"0xc34feee0cb76c397c0332b618a3b6eebc7db86ba","200","No"
"0xc3a35b47e79967aab1e75881c2739fb0affb0558","29.423741","No"
"0xc3ad5105859186148cb14ce6f7866d23382d33d6","24.74023","No"
"0xc3f7a7ed42125d2b45bcf8ebcb9fc5657eb674cd","1090000","No"
"0xc448be528978fdbf38cc7dd6c53cb00ac0d499e8","16","No"
"0xc4544d6a20a5649edbe51661b9f5f98b2a173b3a","3.48615","No"
"0xc4af4801515ed5d5cc5eca726b654cefe02b6fc1","7.34223","No"
"0xc4c6a0720540eaf4236d0697b9fb2a4ebe8b2964","22.37729","No"
"0xc5080005729677e2dfe83ef002588743ce7a4cc3","100","No"
"0xc582430ba8cba4873c7e8203b05d1c7e9ec78f2a","0.9214065","No"
"0xc5d9a43f79bc2d58541c73f26875ae2a2cf2ca89","0.919812","No"
"0xc5edaa27eca096ae15756ae3a2f1d38d0e3996f2","44.74227963","No"
"0xc6343c8b64c79e801dbdcd455b954dcb65a48b40","228.04","No"
"0xc6e0518c46be8f2ea3c954fb868e18d959db164c","19.94","No"
"0xc734d46f347ec50e93524708888e698b29c7283e","330","No"
"0xc859f5ec16f107cad7c30559fed6f8d13aac858a","0.0852082","No"
"0xc8616b4ec09128cdff39d6e4b9ac86eec471d5f2","314.04498","No"
"0xc8fe4dabeec9ace0a9e48a3d604b1bfb45cbd61a","2","No"
"0xc9129839b2fb8c37f90013ff2d7746c3b43b4267","41.817","No"
"0xc9c3c8d5640e53ce55a114b00c2387e44f497574","12.3273566","No"
"0xca174f1b6707381d0f278d515bc3fe115f8c0b27","32.44709","No"
"0xca3f48728fe7aa16eeb311a245c660232945d561","1","No"
"0xca9ca66b593c5f1f7cec777d2d207fcfd5f05088","14.6","No"
"0xcb0d7469180c88aa55b5e437265327124d4153de","10.3908","No"
"0xcbfc78d7e26c2ff131867ed74fa65572dad6fc90","15.35419","No"
"0xcc8f7c9f0ff9077ddad9728c778c9dfe9a65091d","94.25","No"
"0xccc8a9372962a9138570e0da1fdce569dc3c2d3d","0.1","No"
"0xcce1715e6b9c0663c9335da8c4989e76cc56d9d3","0.56","No"
"0xcd453fb0641de81252960f92000a2d394248d7bd","214","No"
"0xcf02304bc8173d767f683089c18b8d734dd6a4b6","25","No"
"0xcf0efacd7c90214a9cb15b9e3dedaad6db2b2388","247","No"
"0xd01db33ffa4f3252b356b90e0db794fea10b8db7","2.42E-05","No"
"0xd042f2d725b3cc909153d3f55074f099ede421ba","1000.85217954","No"
"0xd0e066065fbf3cc8b0c3a7d5d76903ef5eb51809","26.678","No"
"0xd1249c6af9025b650d2f494ccfe8fd28d332ec9a","126.5429","No"
"0xd202dd30921a95eef92d83b265af691b74a2b946","1","No"
"0xd24034ba345ad981679d93a2410d68d723f22eeb","85","No"
"0xd24e6e0aea93a32d5e598ed0cc6d8ebaf120ce01","0.999335","No"
"0xd2ffebcdc03cf1987ef62c1835de05a708bc2ec6","71","No"
"0xd38a67152370b6b2317ee2b12bbe14febb6ebecf","83.98404","No"
"0xd53016b49f467d610b16150f67b0213562543b27","10","No"
"0xd551234ae421e3bcba99a0da6d736074f22192ff","0.94942724","No"
"0xd5e542aaec6fd1bcd68c97237de67c923401e7dc","24.6475114","No"
"0xd6137678698f5304bef86262332be671618d5d08","310.08","No"
"0xd63c51d9bef8b03238136a20b8a51b8e4106ac86","1.3157","No"
"0xd70a032d9ddfc924dbec272bd6042debec36c013","0.99601","No"
"0xd718850019308c9f77a48cac7e580f4e3379c7ac","4","No"
"0xd755ed46c19bcea3fba83dcaf7317d22e26b56c5","3","No"
"0xd769010d3813bafaf4addbfe258eafd07828bb83","173926273.57056","No"
"0xd9494542e80a04982a03e70a9d04483fe04b1bdc","63","No"
"0xd99c41703d5bd44eb80d8bc8d1d7d2ccdd324894","56","No"
"0xd9d93951896b4ef97d251334ef2a0e39f6f6d7d7","8750000","No"
"0xd9e91f74025a8c9f5203bd78ab58a6322abaeaf6","50335.942959","No"
"0xda689658b18bd5194ce3a49f73349ca3070d91ac","2.19","No"
"0xdafa7ea2189bc0919af71b98ee2864cb2c5afb96","53","No"
"0xdb746a9b66aaf76effc167279d802b8604538809","117.13205","No"
"0xdc0590605f371a7321524e6bc05fc87c81c18355","499.72","No"
"0xdc1f0c07202629be59e1f5396e7d78803423650e","132","No"
"0xdc5dd23143fa450b90067f3eb3e61e10f153db6b","4284.4677768","No"
"0xdcbc2317ffafe26fb138ffc19650854ed5bd8f17","10.47","No"
"0xddd97c04c3ee4b166332136e3d4c76318d528324","2.6571","No"
"0xde2a3a9afd41ba90c58992c645e49218a59b1cfb","191","No"
"0xdf215e7e4058a3e48bd8b5a4bfbbb79ff1d08180","664.865194","No"
"0xe039768408c0eca9ea363b5bfc2eeb20b64fe3ac","0.41","No"
"0xe05e81f1599dc3cc77feed24bd205cb8f65ce9f7","7.533928","No"
"0xe0f6141f5faedce8dccbec9a05f5198f79af8c5c","3432.7162095","No"
"0xe1441c61bfa1f10d9ce1dc453b1ec7d57516d349","79.20029","No"
"0xe1aa441644ebb251ec57f63365be55d2668f5967","378","No"
"0xe1fbea779b59c073e23579844dc33f8946ec0fe1","25","No"
"0xe269b2eebe94c09c7d9dcf30f8f995d7eb4966ba","9","No"
"0xe2da7e63453e63cd5fb133b9af06ae41cf46c1b3","95","No"
"0xe3e7914597b148c39175d18ede0c980789608da7","2.72217999","No"
"0xe427dabb0f96a7f9838e1acc61cb1e86b78c8c0b","1","No"
"0xe4e63ecf009bf7083cb03df1eac73c63eb0a8bf9","40000","No"
"0xe510ae1214d6a0e74908cff60fea9b41d64a50e8","69.063187","No"
"0xe6622b94f29274c4d5af272c2f22741a89d5f040","20","No"
"0xe687885269d127d05b197b20db64e416628290ae","103.46778","No"
"0xe7ff3a112f47e5e38b234f1d01deeb3396dcf998","17.94298","No"
"0xe81ec515039424436a54a9deb236a27c84f485fb","0.9555565","No"
"0xe88bbba22b5703ebebbe292275f0f03a907a49ed","8.5161","No"
"0xe8e570d86fa5b3ef867697c810990eac43fbad24","20","No"
"0xe9138d43ea23b62e9c7cf54e2af8570ce3de6e13","2","No"
"0xe93381fb4c4f14bda253907b18fad305d799241a","110178.0072847","No"
"0xea3c493990f28ffa79552db6bed0c9c57c5888c6","112.9525022","No"
"0xea92cfd6bcc0ee00f777515ae2bbb5dbb2d5a0d1","50.964615","No"
"0xeb8976696bc4eb33d08dd98c97da49aeebc6f8f2","0.998","No"
"0xebb718fa10d340a0674f4bc5b5447b3eae00cec1","1637.11217453","No"
"0xecc97e484947cde76fbc41af58f5530793d4124d","22.64699","No"
"0xeccf61ce32af9917113474b81661202007764c5d","349","No"
"0xed78009700855057a1a396f52860ac035fe4a928","20.14","No"
"0xedbdaa42a04ef3cf95ce9a5ead83f711f6860c9c","0.0006","No"
"0xeddef3c2dc7124d0743ddd27f307d315b1feb793","41.31643","No"
"0xee4db42b9bdcea6e9953ec9ad1ee5c9831973ab4","96","No"
"0xee9263ebbdfca5025c1826688070da0b4287becd","250.93","No"
"0xeec8c4b6caa4842040235798e1931596cceadb82","10","No"
"0xef77838202a6a2c897e045be5e51022a4d176dcd","8.5","No"
"0xef7e0abee19ede24ba5a3db9c0e62fd2598933f2","36.9926","No"
"0xef9a85ff6fc161e88b58056a3b94a7f207d20336","34127563.9327722","No"
"0xf18266a65f0551f50991da55358483479a409ab5","99.13","No"
"0xf1dc81cb865c27b2575b844fcbd2855a726769f7","18.51198","No"
"0xf24ce25b7531654fb0c29449075c5bef4e75e6ce","48.3","No"
"0xf4536185e4d4e0cf2c2767d800a0a27c9bb1511c","4044.25892","No"
"0xf5a2a24dcf34a00cfcb7cf179710fc3d475013bf","5","No"
"0xf5eb6e24413dd03703c0b404d6ae8589cf364e48","0.4152","No"
"0xf67b249404cce59fbe58764e34cc437944b60ba4","1.40135626","No"
"0xf68e2484b64efd2b127c1fab5098682efebf1b12","50.3519522","No"
"0xf6c1df8b1a40ee128c7a3e01b18b6c7c7f2377ff","87.63104403","No"
"0xf72ed7f9629ca528aed4942f0fce44b6e9e25328","2727.795","No"
"0xf73653fa3fa3d28b8c31b43ebf27a960568a8051","179.52","No"
"0xf7c8b97a2f8e6df7e0126e6fa953e257b7de9dc2","1.06","No"
"0xfa453aec042a837e4aebbadab9d4e25b15fad69d","28106.16960502","No"
"0xfa5d529262e9b762914b70eda72ba5f3a66ff2de","10","No"
"0xfb5db78660929c73bf66881586fae2fcf9e99dc0","15027","No"
"0xfb902852e4ca7cfe7ba12559d84976e931b787a9","0.03825105","No"
"0xfc3c60a1625d1751e8b1f3d2d4bac4591f627c36","37","No"
"0xfc442a70f8f4e3d436f1cf8d666d29aa02c3594b","399.51","No"
"0xff2594944745bcf198d84afa3726ff34c89941c5","1257.78","No"
"0xff495eacaeab7af9c8c3c26fd1c302330f4333d2","43","No"
"0xff8cb08f13083183d546e5ad31f268b54ac3bf8e","7.46","No"
